load,compose-post-service,home-timeline-redis,home-timeline-service,jaeger,media-frontend,media-memcached,media-mongodb,media-service,nginx-thrift,post-storage-memcached,post-storage-mongodb,post-storage-service,social-graph-mongodb,social-graph-redis,social-graph-service,text-service,unique-id-service,url-shorten-memcached,url-shorten-mongodb,url-shorten-service,user-memcached,user-mention-service,user-mongodb,user-service,user-timeline-mongodb,user-timeline-redis,user-timeline-service
25,"(0.0016383333333333345, 1)","(0.0, 1)","(0.011936833333333337, 1)","(0.0058471666666667, 1)","(0.0, 1)","(0.0, 1)","(0.0, 1)","(0.0, 1)","(0.0, 1)","(0.0, 1)","(0.04080833333333334, 1)","(0.005053, 1)","(0.0, 1)","(0.007348333333333337, 1)","(0.0, 1)","(0.010667166666666669, 1)","(0.0034985000000000007, 1)","(0.0, 1)","(0.0, 1)","(0.0, 1)","(0.0, 1)","(0.0, 1)","(0.0, 1)","(0.006734000000000002, 1)","(0.0, 1)","(0.007456166666666667, 1)","(0.011576166666666669, 1)"
50,"(0.012910666666666517, 1)","(0.0, 1)","(0.0, 1)","(0.0018287777777779015, 1)","(0.0, 1)","(0.0, 1)","(0.012412000000000017, 1)","(0.010226333333333351, 1)","(0.0, 1)","(0.0009379999999999992, 1)","(0.0, 1)","(0.004122999999999951, 1)","(0.0, 1)","(0.007101333333333331, 1)","(0.0, 1)","(0.009074166666666569, 1)","(0.012874833333333354, 1)","(0.0, 1)","(0.1849883333333335, 1)","(0.0, 1)","(0.0, 1)","(0.0, 1)","(0.012389555555555494, 1)","(0.008752222222222224, 1)","(0.0, 1)","(0.0, 1)","(0.0, 1)"
75,"(0.08057483333333339, 1)","(0.005084333333333358, 1)","(0.0, 1)","(0.0, 1)","(0.0005898333333333312, 1)","(0.0015936666666666692, 1)","(0.0, 1)","(0.009023999999999996, 1)","(0.04874866666666656, 1)","(0.0, 1)","(0.0, 1)","(0.0, 1)","(0.0, 1)","(0.0, 1)","(0.022488000000000067, 1)","(0.0, 1)","(0.0175715, 1)","(0.0, 1)","(0.2954120000000001, 1)","(0.009646833333333346, 1)","(0.005091499999999953, 1)","(0.0, 1)","(0.0, 1)","(0.0, 1)","(0.2952530000000001, 1)","(0.0, 1)","(0.025033333333333317, 1)"
100,"(0.0, 1)","(0.0, 1)","(0.0, 1)","(0.010089333333333174, 1)","(0.0007353333333333286, 1)","(0.0, 1)","(0.0, 1)","(0.0, 1)","(0.0, 1)","(0.0, 1)","(0.0, 1)","(0.0, 1)","(0.0, 1)","(0.0, 1)","(0.056697333333332864, 1)","(0.0, 1)","(0.009819833333333399, 1)","(0.0015348333333333373, 1)","(0.0, 1)","(0.0, 1)","(0.02286000000000025, 1)","(0.060011333333333645, 1)","(0.03451066666666681, 1)","(0.0, 1)","(0.0, 1)","(0.016841833333333337, 1)","(0.0, 1)"
125,"(0.17831166666666573, 1)","(0.0, 1)","(0.0, 1)","(0.07424950000000054, 1)","(0.0, 1)","(0.0, 1)","(0.015686666666666703, 1)","(0.0, 1)","(0.0, 1)","(0.0, 1)","(0.02474800000000007, 1)","(0.0, 1)","(0.0, 1)","(0.0, 1)","(0.0, 1)","(0.0, 1)","(0.02728283333333348, 1)","(0.0010449999999999995, 1)","(0.17375850000000048, 1)","(0.03980400000000018, 1)","(0.03386266666666681, 1)","(0.10493283333333282, 1)","(0.03244500000000035, 1)","(0.0, 1)","(0.3674596666666664, 1)","(0.0, 1)","(0.0435518333333332, 1)"
150,"(0.07635433333333216, 1)","(0.0, 1)","(0.015055999999999516, 1)","(0.0, 1)","(0.0, 1)","(0.000585333333333339, 1)","(0.0, 1)","(0.007318166666666553, 1)","(0.0, 1)","(0.0007854444444444559, 1)","(0.048973333333333834, 1)","(0.0, 1)","(0.032027833333333554, 1)","(0.0028950000000001414, 1)","(0.0, 1)","(0.0, 1)","(0.011363999999999782, 1)","(0.0, 1)","(0.0, 1)","(0.020995111111111225, 1)","(0.041533999999999814, 1)","(0.09356133333333243, 1)","(0.0, 1)","(0.020395499999999938, 1)","(0.21000533333333415, 1)","(0.0, 1)","(0.03998433333333335, 1)"
175,"(0.0, 1)","(0.0, 1)","(0.034584000000000024, 1)","(0.008334333333332705, 1)","(0.0, 1)","(0.0, 1)","(0.019277833333333366, 1)","(0.0, 1)","(0.0, 1)","(0.000913222222222232, 1)","(0.010302333333333833, 1)","(0.0, 1)","(0.054729333333333116, 1)","(0.0, 1)","(0.0541573333333329, 1)","(0.07830100000000093, 1)","(0.0, 1)","(0.0011594999999999986, 1)","(0.0, 1)","(0.0, 1)","(0.0, 1)","(0.0, 1)","(0.0, 1)","(0.03234033333333327, 1)","(0.0, 1)","(0.013934833333333195, 1)","(0.0, 1)"
200,"(0.0, 1)","(0.0034266666666666647, 1)","(0.0, 1)","(0.03996250000000146, 1)","(0.0006819999999999975, 1)","(0.0, 1)","(0.012959666666666555, 1)","(0.0, 1)","(0.0, 1)","(0.0010486666666666609, 1)","(0.0, 1)","(0.0, 1)","(0.02163444444444451, 1)","(0.0, 1)","(0.020569555555555202, 1)","(0.0006985555555555973, 1)","(0.0, 1)","(0.0, 1)","(0.24707500000000004, 1)","(0.0, 1)","(0.0, 1)","(0.06924499999999986, 1)","(0.04309200000000028, 1)","(0.01966350000000006, 1)","(0.0, 1)","(0.0, 1)","(0.06848855555555626, 1)"
225,"(0.0010212222222207856, 1)","(0.005942666666666578, 1)","(0.000959555555555072, 1)","(0.0, 1)","(0.0, 1)","(0.0011365000000000218, 1)","(0.0069509999999998314, 1)","(0.006885111111110911, 1)","(0.21137799999999946, 1)","(0.0013173333333333557, 1)","(0.0, 1)","(0.0, 1)","(0.0, 1)","(0.0, 1)","(0.0, 1)","(0.0, 1)","(0.0, 1)","(0.0, 1)","(0.0, 1)","(0.02796516666666686, 1)","(0.021375666666666387, 1)","(0.0008134444444433737, 1)","(0.0, 1)","(0.0, 1)","(0.0, 1)","(0.023465222222222103, 1)","(0.013367333333332475, 1)"
250,"(0.0, 1)","(0.005070333333333289, 1)","(0.02231977777777811, 1)","(0.0, 1)","(0.0003744444444444427, 1)","(0.001032666666666682, 1)","(0.01881000000000022, 1)","(0.0388348888888888, 1)","(0.17108249999999242, 1)","(0.0, 1)","(0.0, 1)","(0.04661166666666598, 1)","(0.0259885000000016, 1)","(0.0, 1)","(0.07269499999999597, 1)","(0.040036333333333125, 1)","(0.0, 1)","(0.0006416666666666515, 1)","(0.16321355555555153, 1)","(0.006617499999999648, 1)","(0.0, 1)","(0.0, 1)","(0.01634066666666772, 1)","(0.0, 1)","(0.0, 1)","(0.0, 1)","(0.0, 1)"
275,"(0.2760356666666629, 1)","(0.0, 1)","(0.0, 1)","(0.26588149999999666, 1)","(0.0, 1)","(0.0011736666666666655, 1)","(0.0, 1)","(0.0, 1)","(0.0, 1)","(0.0, 1)","(0.02531999999999831, 1)","(0.02589833333333284, 1)","(0.0, 1)","(0.0, 1)","(0.0, 1)","(0.0, 1)","(0.01195700000000007, 1)","(0.0, 1)","(0.0, 1)","(0.0, 1)","(0.0, 1)","(0.14388883333333052, 1)","(0.033075833333332604, 1)","(0.0, 1)","(0.0, 1)","(0.0, 1)","(0.0173816666666653, 1)"
300,"(0.0, 1)","(0.0, 1)","(0.06388033333333236, 1)","(0.0, 1)","(0.0009345000000000049, 1)","(0.0, 1)","(0.019834166666666896, 1)","(0.0037950000000013997, 1)","(0.0, 1)","(0.0, 1)","(0.048545833333330776, 1)","(0.0, 1)","(0.0, 1)","(0.0, 1)","(0.1437588333333319, 1)","(0.06538583333333274, 1)","(0.0, 1)","(0.0010014999999999887, 1)","(0.0, 1)","(0.03193000000000031, 1)","(0.013445833333333233, 1)","(0.1024565000000024, 1)","(0.0, 1)","(0.0, 1)","(0.24427800000000846, 1)","(0.0, 1)","(0.16276883333333106, 1)"
325,"(0.23241783333332935, 1)","(0.0, 1)","(0.08411916666666742, 1)","(0.09429466666665577, 1)","(0.0, 1)","(0.001428333333333328, 1)","(0.01369416666666664, 1)","(0.0, 1)","(0.0, 1)","(0.0, 1)","(0.08758416666666355, 1)","(0.0, 1)","(0.06458099999999926, 1)","(0.01337983333333289, 1)","(0.05679416666666745, 1)","(0.07833316666666217, 1)","(0.0, 1)","(0.0011026666666666594, 1)","(0.0, 1)","(0.0, 1)","(0.006203666666666645, 1)","(0.0, 1)","(0.0, 1)","(0.0, 1)","(0.39186566666666073, 1)","(0.0, 1)","(0.0, 1)"
350,"(0.0, 1)","(0.0, 1)","(0.0, 1)","(0.04370966666666239, 1)","(0.0, 1)","(0.0, 1)","(0.019550333333333118, 1)","(0.0, 1)","(0.0, 1)","(0.0, 1)","(0.0, 1)","(0.0, 1)","(0.08360716666666691, 1)","(0.0, 1)","(0.032675000000002306, 1)","(0.07479616666666782, 1)","(0.0, 1)","(0.0, 1)","(0.0, 1)","(0.0, 1)","(0.0, 1)","(0.0, 1)","(0.0, 1)","(0.010781166666665362, 1)","(0.29742466666668105, 1)","(0.013500833333332928, 1)","(0.0, 1)"
375,"(0.0, 1)","(0.0031521111111110717, 1)","(0.07348283333333447, 1)","(0.0, 1)","(0.0008808333333333308, 1)","(0.0007028888888888949, 1)","(0.0, 1)","(0.058296166666664824, 1)","(0.32555466666665706, 1)","(0.0, 1)","(0.05445377777777733, 1)","(0.0, 1)","(0.0, 1)","(0.0, 1)","(0.0, 1)","(0.0, 1)","(0.0, 1)","(0.0, 1)","(0.0, 1)","(0.0011151111111094756, 1)","(0.0, 1)","(0.0, 1)","(0.0, 1)","(0.05804716666666821, 1)","(0.0, 1)","(0.0, 1)","(0.0005970000000022285, 1)"
400,"(0.35433933333333323, 1)","(0.0, 1)","(0.0, 1)","(0.2385560000000169, 1)","(0.000623666666666652, 1)","(0.0008843333333333389, 1)","(0.0, 1)","(0.0, 1)","(0.08260033333333973, 1)","(0.0007988888888888923, 1)","(0.021141333333332568, 1)","(0.02609500000000114, 1)","(0.03400222222222106, 1)","(0.0, 1)","(0.07750044444444232, 1)","(0.02759122222222585, 1)","(0.025055000000002617, 1)","(0.0, 1)","(0.2870579999999924, 1)","(0.0, 1)","(0.01484566666666846, 1)","(0.0, 1)","(0.0, 1)","(0.0, 1)","(0.21382566666665703, 1)","(0.039038888888888505, 1)","(0.030366333333328537, 1)"
425,"(0.05653822222221708, 1)","(0.004509666666666709, 1)","(0.006804111111111726, 1)","(0.0020596666666582073, 1)","(0.0, 1)","(0.0, 1)","(0.008091333333333573, 1)","(0.0, 1)","(0.003451777777778868, 1)","(0.0009804999999999768, 1)","(0.05355633333333762, 1)","(0.0, 1)","(0.0455002222222226, 1)","(0.0, 1)","(0.0, 1)","(0.0006366666666634855, 1)","(0.007636444444446827, 1)","(0.0008418888888889075, 1)","(0.15357033333332817, 1)","(0.0, 1)","(0.0, 1)","(0.0005983333333321954, 1)","(0.0, 1)","(0.014597444444442925, 1)","(0.0, 1)","(0.017776333333333446, 1)","(0.041224333333332204, 1)"
450,"(0.0, 1)","(0.0, 1)","(0.01480944444444453, 1)","(0.0, 1)","(0.0007372222222222164, 1)","(0.0, 1)","(0.010798833333333018, 1)","(0.014733222222222115, 1)","(0.1839201666666668, 1)","(0.0, 1)","(0.052418999999995705, 1)","(0.0, 1)","(0.0, 1)","(0.0, 1)","(0.0, 1)","(0.0, 1)","(0.0, 1)","(0.0010160000000000045, 1)","(0.14749866666666853, 1)","(0.0, 1)","(0.0005635555555538001, 1)","(0.03455500000001167, 1)","(0.0, 1)","(0.024164888888890346, 1)","(0.0, 1)","(0.03231899999999873, 1)","(0.11321066666666488, 1)"
475,"(0.0, 1)","(0.0033547777777778423, 1)","(0.0, 1)","(0.0, 1)","(0.0, 1)","(0.0007781111111110721, 1)","(0.00791600000000001, 1)","(0.012430666666669293, 1)","(0.14201255555555134, 1)","(0.0007094444444444292, 1)","(0.0, 1)","(0.10357066666666824, 1)","(0.0, 1)","(0.0, 1)","(0.0, 1)","(0.0, 1)","(0.0, 1)","(0.0, 1)","(0.22237683333332828, 1)","(0.02267244444444335, 1)","(0.06404783333333343, 1)","(0.10530744444444433, 1)","(0.0, 1)","(0.03686849999999709, 1)","(0.17170277777778312, 1)","(0.03426155555555492, 1)","(0.08034355555555017, 1)"
500,"(0.0, 1)","(0.0, 1)","(0.0, 1)","(0.0, 1)","(0.0, 1)","(0.0, 1)","(0.01563383333333235, 1)","(0.022349166666667013, 1)","(0.0, 1)","(0.0, 1)","(0.07542133333333824, 1)","(0.10993266666667031, 1)","(0.0, 1)","(0.02220566666666694, 1)","(0.0, 1)","(0.0, 1)","(0.04993433333333523, 1)","(0.0, 1)","(0.0, 1)","(0.0, 1)","(0.0, 1)","(0.0, 1)","(0.0, 1)","(0.0, 1)","(0.0, 1)","(0.0, 1)","(0.17412733333335004, 1)"
525,"(0.36832783333333435, 1)","(0.005247499999999998, 1)","(0.0, 1)","(0.0, 1)","(0.0007875000000000151, 1)","(0.0009454999999999696, 1)","(0.0, 1)","(0.0110321666666664, 1)","(0.03064449999999397, 1)","(0.0011701666666666575, 1)","(0.0, 1)","(0.0, 1)","(0.01930649999999901, 1)","(0.0, 1)","(0.044208666666672045, 1)","(0.0, 1)","(0.0, 1)","(0.0, 1)","(0.0, 1)","(0.0, 1)","(0.006130333333336088, 1)","(0.0, 1)","(0.01949299999999236, 1)","(0.0, 1)","(0.0, 1)","(0.0, 1)","(0.02001199999998941, 1)"
550,"(0.0006752222222227526, 1)","(0.0, 1)","(0.09279877777777934, 1)","(0.0061596666666648365, 1)","(0.0005130000000000104, 1)","(0.0011673333333332982, 1)","(0.014442500000000063, 1)","(0.003477666666668711, 1)","(0.0, 1)","(0.0, 1)","(0.0, 1)","(0.0, 1)","(0.0, 1)","(0.005866166666666099, 1)","(0.0, 1)","(0.0010870000000030209, 1)","(0.04388849999999896, 1)","(0.0010488888888889017, 1)","(0.2274345555555581, 1)","(0.0, 1)","(0.0, 1)","(0.0, 1)","(0.01647133333333765, 1)","(0.0, 1)","(0.44003100000001427, 1)","(0.041921666666667086, 1)","(0.08958616666668226, 1)"
575,"(0.0, 1)","(0.00450416666666668, 1)","(0.0, 1)","(0.0, 1)","(0.0, 1)","(0.0014984999999999953, 1)","(0.0, 1)","(0.0, 1)","(0.04919016666667631, 1)","(0.0, 1)","(0.0, 1)","(0.0, 1)","(0.03849066666666091, 1)","(0.0, 1)","(0.0, 1)","(0.016116666666656936, 1)","(0.024829666666666604, 1)","(0.001203833333333367, 1)","(0.0, 1)","(0.0893181666666673, 1)","(0.007944000000009057, 1)","(0.013142666666681182, 1)","(0.027064166666662007, 1)","(0.0, 1)","(0.6314661666666932, 1)","(0.012863000000000588, 1)","(0.0, 1)"
600,"(0.0, 1)","(0.0, 1)","(0.0, 1)","(0.0, 1)","(0.0, 1)","(0.0, 1)","(0.015865500000000313, 1)","(0.020306000000005046, 1)","(0.0, 1)","(0.0, 1)","(0.0, 1)","(0.0, 1)","(0.0, 1)","(0.019368000000000055, 1)","(0.0, 1)","(0.18157133333333303, 1)","(0.0, 1)","(0.0, 1)","(0.0, 1)","(0.008511333333331096, 1)","(0.0, 1)","(0.0, 1)","(0.0, 1)","(0.0, 1)","(0.0, 1)","(0.0, 1)","(0.10679549999999458, 1)"
625,"(0.2772428333333134, 1)","(0.005895333333333438, 1)","(0.008653666666674555, 1)","(0.103938666666636, 1)","(0.0, 1)","(0.0, 1)","(0.0, 1)","(0.0, 1)","(0.0, 1)","(0.0015216666666666436, 1)","(0.0, 1)","(0.03587250000000116, 1)","(0.02446766666667107, 1)","(0.0, 1)","(0.06651433333331626, 1)","(0.08075183333333295, 1)","(0.0, 1)","(0.0, 1)","(0.0, 1)","(0.0008531666666632041, 1)","(0.0, 1)","(0.0, 1)","(0.015540333333329198, 1)","(0.0, 1)","(0.0, 1)","(0.020033500000001446, 1)","(0.0, 1)"
650,"(0.0, 1)","(0.0, 1)","(0.08975250000001249, 1)","(0.0, 1)","(0.00071999999999998, 1)","(0.0, 1)","(0.0, 1)","(0.0, 1)","(0.0, 1)","(0.0009794999999999852, 1)","(0.0, 1)","(0.0, 1)","(0.0, 1)","(0.029367333333330713, 1)","(0.0, 1)","(0.0, 1)","(0.07086283333333655, 1)","(0.0, 1)","(0.0, 1)","(0.0, 1)","(0.0, 1)","(0.0, 1)","(0.0, 1)","(0.01211699999999875, 1)","(0.3451900000000024, 1)","(0.0, 1)","(0.0, 1)"
675,"(0.22935311111112042, 1)","(0.0, 1)","(0.13994977777777726, 1)","(0.13376900000002934, 1)","(0.0004545555555555877, 1)","(0.0, 1)","(0.01362233333333407, 1)","(0.0, 1)","(0.0, 1)","(0.0, 1)","(0.0, 1)","(0.0, 1)","(0.0, 1)","(0.004846833333331802, 1)","(0.0, 1)","(0.0873108333333524, 1)","(0.0, 1)","(0.0008258888888889161, 1)","(0.0, 1)","(0.0, 1)","(0.04225366666666888, 1)","(0.0, 1)","(0.07984955555555316, 1)","(0.0, 1)","(0.0, 1)","(0.004961833333335146, 1)","(0.0015508333333400517, 1)"
700,"(0.09122883333338906, 1)","(0.0, 1)","(0.0, 1)","(0.00925133333331966, 1)","(0.0, 1)","(0.0, 1)","(0.0, 1)","(0.03323116666666693, 1)","(0.2669994999999972, 1)","(0.0, 1)","(0.0, 1)","(0.10133249999999332, 1)","(0.0, 1)","(0.01830266666666584, 1)","(0.0, 1)","(0.001025666666654009, 1)","(0.0, 1)","(0.0009894999999999767, 1)","(0.0, 1)","(0.0, 1)","(0.0, 1)","(0.012505333333327448, 1)","(0.0, 1)","(0.0, 1)","(0.0, 1)","(0.01969033333333433, 1)","(0.03510933333332863, 1)"
